customer_id,store_id,first_name,last_name,email,address_id,activebool,create_date,last_update,active
1,1,MARY,SMITH,MARY.SMITH@sakilacustomer.org,5,t,2006-02-14,2006-02-15 09:57:20,1
2,1,PATRICIA,JOHNSON,PATRICIA.JOHNSON@sakilacustomer.org,6,t,2006-02-14,2006-02-15 09:57:20,1
3,1,LINDA,WILLIAMS,LINDA.WILLIAMS@sakilacustomer.org,7,t,2006-02-14,2006-02-15 09:57:20,1
4,2,BARBARA,JONES,BARBARA.JONES@sakilacustomer.org,8,t,2006-02-14,2006-02-15 09:57:20,1
5,1,ELIZABETH,BROWN,ELIZABETH.BROWN@sakilacustomer.org,9,t,2006-02-14,2006-02-15 09:57:20,1
6,2,JENNIFER,DAVIS,JENNIFER.DAVIS@sakilacustomer.org,10,t,2006-02-14,2006-02-15 09:57:20,1
7,1,MARIA,MILLER,MARIA.MILLER@sakilacustomer.org,11,t,2006-02-14,2006-02-15 09:57:20,1
8,2,SUSAN,WILSON,SUSAN.WILSON@sakilacustomer.org,12,t,2006-02-14,2006-02-15 09:57:20,1
9,2,MARGARET,MOORE,MARGARET.MOORE@sakilacustomer.org,13,t,2006-02-14,2006-02-15 09:57:20,1
10,1,DOROTHY,TAYLOR,DOROTHY.TAYLOR@sakilacustomer.org,14,t,2006-02-14,2006-02-15 09:57:20,1
11,2,LISA,ANDERSON,LISA.ANDERSON@sakilacustomer.org,15,t,2006-02-14,2006-02-15 09:57:20,1
12,1,NANCY,THOMAS,NANCY.THOMAS@sakilacustomer.org,16,t,2006-02-14,2006-02-15 09:57:20,1
13,2,KAREN,JACKSON,KAREN.JACKSON@sakilacustomer.org,17,t,2006-02-14,2006-02-15 09:57:20,1
14,2,BETTY,WHITE,BETTY.WHITE@sakilacustomer.org,18,t,2006-02-14,2006-02-15 09:57:20,1
15,1,HELEN,HARRIS,HELEN.HARRIS@sakilacustomer.org,19,t,2006-02-14,2006-02-15 09:57:20,1
16,2,SANDRA,MARTIN,SANDRA.MARTIN@sakilacustomer.org,20,t,2006-02-14,2006-02-15 09:57:20,0
17,1,DONNA,THOMPSON,DONNA.THOMPSON@sakilacustomer.org,21,t,2006-02-14,2006-02-15 09:57:20,1
18,2,CAROL,GARCIA,CAROL.GARCIA@sakilacustomer.org,22,t,2006-02-14,2006-02-15 09:57:20,1
19,1,RUTH,MARTINEZ,RUTH.MARTINEZ@sakilacustomer.org,23,t,2006-02-14,2006-02-15 09:57:20,1
20,2,SHARON,ROBINSON,SHARON.ROBINSON@sakilacustomer.org,24,t,2006-02-14,2006-02-15 09:57:20,1
21,1,MICHELLE,CLARK,MICHELLE.CLARK@sakilacustomer.org,25,t,2006-02-14,2006-02-15 09:57:20,1
22,1,LAURA,RODRIGUEZ,LAURA.RODRIGUEZ@sakilacustomer.org,26,t,2006-02-14,2006-02-15 09:57:20,1
23,2,SARAH,LEWIS,SARAH.LEWIS@sakilacustomer.org,27,t,2006-02-14,2006-02-15 09:57:20,1
24,2,KIMBERLY,LEE,KIMBERLY.LEE@sakilacustomer.org,28,t,2006-02-14,2006-02-15 09:57:20,1
25,1,DEBORAH,WALKER,DEBORAH.WALKER@sakilacustomer.org,29,t,2006-02-14,2006-02-15 09:57:20,1
26,2,JESSICA,HALL,JESSICA.HALL@sakilacustomer.org,30,t,2006-02-14,2006-02-15 09:57:20,1
27,2,SHIRLEY,ALLEN,SHIRLEY.ALLEN@sakilacustomer.org,31,t,2006-02-14,2006-02-15 09:57:20,1
28,1,CYNTHIA,YOUNG,CYNTHIA.YOUNG@sakilacustomer.org,32,t,2006-02-14,2006-02-15 09:57:20,1
29,2,ANGELA,HERNANDEZ,ANGELA.HERNANDEZ@sakilacustomer.org,33,t,2006-02-14,2006-02-15 09:57:20,1
30,1,MELISSA,KING,MELISSA.KING@sakilacustomer.org,34,t,2006-02-14,2006-02-15 09:57:20,1
31,2,BRENDA,WRIGHT,BRENDA.WRIGHT@sakilacustomer.org,35,t,2006-02-14,2006-02-15 09:57:20,1
32,1,AMY,LOPEZ,AMY.LOPEZ@sakilacustomer.org,36,t,2006-02-14,2006-02-15 09:57:20,1
33,2,ANNA,HILL,ANNA.HILL@sakilacustomer.org,37,t,2006-02-14,2006-02-15 09:57:20,1
34,2,REBECCA,SCOTT,REBECCA.SCOTT@sakilacustomer.org,38,t,2006-02-14,2006-02-15 09:57:20,1
35,2,VIRGINIA,GREEN,VIRGINIA.GREEN@sakilacustomer.org,39,t,2006-02-14,2006-02-15 09:57:20,1
36,2,KATHLEEN,ADAMS,KATHLEEN.ADAMS@sakilacustomer.org,40,t,2006-02-14,2006-02-15 09:57:20,1
37,1,PAMELA,BAKER,PAMELA.BAKER@sakilacustomer.org,41,t,2006-02-14,2006-02-15 09:57:20,1
38,1,MARTHA,GONZALEZ,MARTHA.GONZALEZ@sakilacustomer.org,42,t,2006-02-14,2006-02-15 09:57:20,1
39,1,DEBRA,NELSON,DEBRA.NELSON@sakilacustomer.org,43,t,2006-02-14,2006-02-15 09:57:20,1
40,2,AMANDA,CARTER,AMANDA.CARTER@sakilacustomer.org,44,t,2006-02-14,2006-02-15 09:57:20,1
41,1,STEPHANIE,MITCHELL,STEPHANIE.MITCHELL@sakilacustomer.org,45,t,2006-02-14,2006-02-15 09:57:20,1
42,2,CAROLYN,PEREZ,CAROLYN.PEREZ@sakilacustomer.org,46,t,2006-02-14,2006-02-15 09:57:20,1
43,2,CHRISTINE,ROBERTS,CHRISTINE.ROBERTS@sakilacustomer.org,47,t,2006-02-14,2006-02-15 09:57:20,1
44,1,MARIE,TURNER,MARIE.TURNER@sakilacustomer.org,48,t,2006-02-14,2006-02-15 09:57:20,1
45,1,JANET,PHILLIPS,JANET.PHILLIPS@sakilacustomer.org,49,t,2006-02-14,2006-02-15 09:57:20,1
46,2,CATHERINE,CAMPBELL,CATHERINE.CAMPBELL@sakilacustomer.org,50,t,2006-02-14,2006-02-15 09:57:20,1
47,1,FRANCES,PARKER,FRANCES.PARKER@sakilacustomer.org,51,t,2006-02-14,2006-02-15 09:57:20,1
48,1,ANN,EVANS,ANN.EVANS@sakilacustomer.org,52,t,2006-02-14,2006-02-15 09:57:20,1
49,2,JOYCE,EDWARDS,JOYCE.EDWARDS@sakilacustomer.org,53,t,2006-02-14,2006-02-15 09:57:20,1
50,1,DIANE,COLLINS,DIANE.COLLINS@sakilacustomer.org,54,t,2006-02-14,2006-02-15 09:57:20,1
51,1,ALICE,STEWART,ALICE.STEWART@sakilacustomer.org,55,t,2006-02-14,2006-02-15 09:57:20,1
52,1,JULIE,SANCHEZ,JULIE.SANCHEZ@sakilacustomer.org,56,t,2006-02-14,2006-02-15 09:57:20,1
53,1,HEATHER,MORRIS,HEATHER.MORRIS@sakilacustomer.org,57,t,2006-02-14,2006-02-15 09:57:20,1
54,1,TERESA,ROGERS,TERESA.ROGERS@sakilacustomer.org,58,t,2006-02-14,2006-02-15 09:57:20,1
55,2,DORIS,REED,DORIS.REED@sakilacustomer.org,59,t,2006-02-14,2006-02-15 09:57:20,1
56,1,GLORIA,COOK,GLORIA.COOK@sakilacustomer.org,60,t,2006-02-14,2006-02-15 09:57:20,1
57,2,EVELYN,MORGAN,EVELYN.MORGAN@sakilacustomer.org,61,t,2006-02-14,2006-02-15 09:57:20,1
58,1,JEAN,BELL,JEAN.BELL@sakilacustomer.org,62,t,2006-02-14,2006-02-15 09:57:20,1
59,1,CHERYL,MURPHY,CHERYL.MURPHY@sakilacustomer.org,63,t,2006-02-14,2006-02-15 09:57:20,1
60,1,MILDRED,BAILEY,MILDRED.BAILEY@sakilacustomer.org,64,t,2006-02-14,2006-02-15 09:57:20,1
61,2,KATHERINE,RIVERA,KATHERINE.RIVERA@sakilacustomer.org,65,t,2006-02-14,2006-02-15 09:57:20,1
62,1,JOAN,COOPER,JOAN.COOPER@sakilacustomer.org,66,t,2006-02-14,2006-02-15 09:57:20,1
63,1,ASHLEY,RICHARDSON,ASHLEY.RICHARDSON@sakilacustomer.org,67,t,2006-02-14,2006-02-15 09:57:20,1
64,2,JUDITH,COX,JUDITH.COX@sakilacustomer.org,68,t,2006-02-14,2006-02-15 09:57:20,0
65,2,ROSE,HOWARD,ROSE.HOWARD@sakilacustomer.org,69,t,2006-02-14,2006-02-15 09:57:20,1
66,2,JANICE,WARD,JANICE.WARD@sakilacustomer.org,70,t,2006-02-14,2006-02-15 09:57:20,1
67,1,KELLY,TORRES,KELLY.TORRES@sakilacustomer.org,71,t,2006-02-14,2006-02-15 09:57:20,1
68,1,NICOLE,PETERSON,NICOLE.PETERSON@sakilacustomer.org,72,t,2006-02-14,2006-02-15 09:57:20,1
69,2,JUDY,GRAY,JUDY.GRAY@sakilacustomer.org,73,t,2006-02-14,2006-02-15 09:57:20,1
70,2,CHRISTINA,RAMIREZ,CHRISTINA.RAMIREZ@sakilacustomer.org,74,t,2006-02-14,2006-02-15 09:57:20,1
71,1,KATHY,JAMES,KATHY.JAMES@sakilacustomer.org,75,t,2006-02-14,2006-02-15 09:57:20,1
72,2,THERESA,WATSON,THERESA.WATSON@sakilacustomer.org,76,t,2006-02-14,2006-02-15 09:57:20,1
73,2,BEVERLY,BROOKS,BEVERLY.BROOKS@sakilacustomer.org,77,t,2006-02-14,2006-02-15 09:57:20,1
74,1,DENISE,KELLY,DENISE.KELLY@sakilacustomer.org,78,t,2006-02-14,2006-02-15 09:57:20,1
75,2,TAMMY,SANDERS,TAMMY.SANDERS@sakilacustomer.org,79,t,2006-02-14,2006-02-15 09:57:20,1
76,2,IRENE,PRICE,IRENE.PRICE@sakilacustomer.org,80,t,2006-02-14,2006-02-15 09:57:20,1
77,2,JANE,BENNETT,JANE.BENNETT@sakilacustomer.org,81,t,2006-02-14,2006-02-15 09:57:20,1
78,1,LORI,WOOD,LORI.WOOD@sakilacustomer.org,82,t,2006-02-14,2006-02-15 09:57:20,1
79,1,RACHEL,BARNES,RACHEL.BARNES@sakilacustomer.org,83,t,2006-02-14,2006-02-15 09:57:20,1
80,1,MARILYN,ROSS,MARILYN.ROSS@sakilacustomer.org,84,t,2006-02-14,2006-02-15 09:57:20,1
81,1,ANDREA,HENDERSON,ANDREA.HENDERSON@sakilacustomer.org,85,t,2006-02-14,2006-02-15 09:57:20,1
82,1,KATHRYN,COLEMAN,KATHRYN.COLEMAN@sakilacustomer.org,86,t,2006-02-14,2006-02-15 09:57:20,1
83,1,LOUISE,JENKINS,LOUISE.JENKINS@sakilacustomer.org,87,t,2006-02-14,2006-02-15 09:57:20,1
84,2,SARA,PERRY,SARA.PERRY@sakilacustomer.org,88,t,2006-02-14,2006-02-15 09:57:20,1
85,2,ANNE,POWELL,ANNE.POWELL@sakilacustomer.org,89,t,2006-02-14,2006-02-15 09:57:20,1
86,2,JACQUELINE,LONG,JACQUELINE.LONG@sakilacustomer.org,90,t,2006-02-14,2006-02-15 09:57:20,1
87,1,WANDA,PATTERSON,WANDA.PATTERSON@sakilacustomer.org,91,t,2006-02-14,2006-02-15 09:57:20,1
88,2,BONNIE,HUGHES,BONNIE.HUGHES@sakilacustomer.org,92,t,2006-02-14,2006-02-15 09:57:20,1
89,1,JULIA,FLORES,JULIA.FLORES@sakilacustomer.org,93,t,2006-02-14,2006-02-15 09:57:20,1
90,2,RUBY,WASHINGTON,RUBY.WASHINGTON@sakilacustomer.org,94,t,2006-02-14,2006-02-15 09:57:20,1
91,2,LOIS,BUTLER,LOIS.BUTLER@sakilacustomer.org,95,t,2006-02-14,2006-02-15 09:57:20,1
92,2,TINA,SIMMONS,TINA.SIMMONS@sakilacustomer.org,96,t,2006-02-14,2006-02-15 09:57:20,1
93,1,PHYLLIS,FOSTER,PHYLLIS.FOSTER@sakilacustomer.org,97,t,2006-02-14,2006-02-15 09:57:20,1
94,1,NORMA,GONZALES,NORMA.GONZALES@sakilacustomer.org,98,t,2006-02-14,2006-02-15 09:57:20,1
95,2,PAULA,BRYANT,PAULA.BRYANT@sakilacustomer.org,99,t,2006-02-14,2006-02-15 09:57:20,1
96,1,DIANA,ALEXANDER,DIANA.ALEXANDER@sakilacustomer.org,100,t,2006-02-14,2006-02-15 09:57:20,1
97,2,ANNIE,RUSSELL,ANNIE.RUSSELL@sakilacustomer.org,101,t,2006-02-14,2006-02-15 09:57:20,1
98,1,LILLIAN,GRIFFIN,LILLIAN.GRIFFIN@sakilacustomer.org,102,t,2006-02-14,2006-02-15 09:57:20,1
99,2,EMILY,DIAZ,EMILY.DIAZ@sakilacustomer.org,103,t,2006-02-14,2006-02-15 09:57:20,1
100,1,ROBIN,HAYES,ROBIN.HAYES@sakilacustomer.org,104,t,2006-02-14,2006-02-15 09:57:20,1
101,1,PEGGY,MYERS,PEGGY.MYERS@sakilacustomer.org,105,t,2006-02-14,2006-02-15 09:57:20,1
102,1,CRYSTAL,FORD,CRYSTAL.FORD@sakilacustomer.org,106,t,2006-02-14,2006-02-15 09:57:20,1
103,1,GLADYS,HAMILTON,GLADYS.HAMILTON@sakilacustomer.org,107,t,2006-02-14,2006-02-15 09:57:20,1
104,1,RITA,GRAHAM,RITA.GRAHAM@sakilacustomer.org,108,t,2006-02-14,2006-02-15 09:57:20,1
105,1,DAWN,SULLIVAN,DAWN.SULLIVAN@sakilacustomer.org,109,t,2006-02-14,2006-02-15 09:57:20,1
106,1,CONNIE,WALLACE,CONNIE.WALLACE@sakilacustomer.org,110,t,2006-02-14,2006-02-15 09:57:20,1
107,1,FLORENCE,WOODS,FLORENCE.WOODS@sakilacustomer.org,111,t,2006-02-14,2006-02-15 09:57:20,1
108,1,TRACY,COLE,TRACY.COLE@sakilacustomer.org,112,t,2006-02-14,2006-02-15 09:57:20,1
109,2,EDNA,WEST,EDNA.WEST@sakilacustomer.org,113,t,2006-02-14,2006-02-15 09:57:20,1
110,2,TIFFANY,JORDAN,TIFFANY.JORDAN@sakilacustomer.org,114,t,2006-02-14,2006-02-15 09:57:20,1
111,1,CARMEN,OWENS,CARMEN.OWENS@sakilacustomer.org,115,t,2006-02-14,2006-02-15 09:57:20,1
112,2,ROSA,REYNOLDS,ROSA.REYNOLDS@sakilacustomer.org,116,t,2006-02-14,2006-02-15 09:57:20,1
113,2,CINDY,FISHER,CINDY.FISHER@sakilacustomer.org,117,t,2006-02-14,2006-02-15 09:57:20,1
114,2,GRACE,ELLIS,GRACE.ELLIS@sakilacustomer.org,118,t,2006-02-14,2006-02-15 09:57:20,1
115,1,WENDY,HARRISON,WENDY.HARRISON@sakilacustomer.org,119,t,2006-02-14,2006-02-15 09:57:20,1
116,1,VICTORIA,GIBSON,VICTORIA.GIBSON@sakilacustomer.org,120,t,2006-02-14,2006-02-15 09:57:20,1
117,1,EDITH,MCDONALD,EDITH.MCDONALD@sakilacustomer.org,121,t,2006-02-14,2006-02-15 09:57:20,1
118,1,KIM,CRUZ,KIM.CRUZ@sakilacustomer.org,122,t,2006-02-14,2006-02-15 09:57:20,1
119,1,SHERRY,MARSHALL,SHERRY.MARSHALL@sakilacustomer.org,123,t,2006-02-14,2006-02-15 09:57:20,1
120,2,SYLVIA,ORTIZ,SYLVIA.ORTIZ@sakilacustomer.org,124,t,2006-02-14,2006-02-15 09:57:20,1
121,1,JOSEPHINE,GOMEZ,JOSEPHINE.GOMEZ@sakilacustomer.org,125,t,2006-02-14,2006-02-15 09:57:20,1
122,1,THELMA,MURRAY,THELMA.MURRAY@sakilacustomer.org,126,t,2006-02-14,2006-02-15 09:57:20,1
123,2,SHANNON,FREEMAN,SHANNON.FREEMAN@sakilacustomer.org,127,t,2006-02-14,2006-02-15 09:57:20,1
124,1,SHEILA,WELLS,SHEILA.WELLS@sakilacustomer.org,128,t,2006-02-14,2006-02-15 09:57:20,0
125,1,ETHEL,WEBB,ETHEL.WEBB@sakilacustomer.org,129,t,2006-02-14,2006-02-15 09:57:20,1
126,1,ELLEN,SIMPSON,ELLEN.SIMPSON@sakilacustomer.org,130,t,2006-02-14,2006-02-15 09:57:20,1
127,2,ELAINE,STEVENS,ELAINE.STEVENS@sakilacustomer.org,131,t,2006-02-14,2006-02-15 09:57:20,1
128,1,MARJORIE,TUCKER,MARJORIE.TUCKER@sakilacustomer.org,132,t,2006-02-14,2006-02-15 09:57:20,1
129,1,CARRIE,PORTER,CARRIE.PORTER@sakilacustomer.org,133,t,2006-02-14,2006-02-15 09:57:20,1
130,1,CHARLOTTE,HUNTER,CHARLOTTE.HUNTER@sakilacustomer.org,134,t,2006-02-14,2006-02-15 09:57:20,1
131,2,MONICA,HICKS,MONICA.HICKS@sakilacustomer.org,135,t,2006-02-14,2006-02-15 09:57:20,1
132,2,ESTHER,CRAWFORD,ESTHER.CRAWFORD@sakilacustomer.org,136,t,2006-02-14,2006-02-15 09:57:20,1
133,1,PAULINE,HENRY,PAULINE.HENRY@sakilacustomer.org,137,t,2006-02-14,2006-02-15 09:57:20,1
134,1,EMMA,BOYD,EMMA.BOYD@sakilacustomer.org,138,t,2006-02-14,2006-02-15 09:57:20,1
135,2,JUANITA,MASON,JUANITA.MASON@sakilacustomer.org,139,t,2006-02-14,2006-02-15 09:57:20,1
136,2,ANITA,MORALES,ANITA.MORALES@sakilacustomer.org,140,t,2006-02-14,2006-02-15 09:57:20,1
137,2,RHONDA,KENNEDY,RHONDA.KENNEDY@sakilacustomer.org,141,t,2006-02-14,2006-02-15 09:57:20,1
138,1,HAZEL,WARREN,HAZEL.WARREN@sakilacustomer.org,142,t,2006-02-14,2006-02-15 09:57:20,1
139,1,AMBER,DIXON,AMBER.DIXON@sakilacustomer.org,143,t,2006-02-14,2006-02-15 09:57:20,1
140,1,EVA,RAMOS,EVA.RAMOS@sakilacustomer.org,144,t,2006-02-14,2006-02-15 09:57:20,1
141,1,DEBBIE,REYES,DEBBIE.REYES@sakilacustomer.org,145,t,2006-02-14,2006-02-15 09:57:20,1
142,1,APRIL,BURNS,APRIL.BURNS@sakilacustomer.org,146,t,2006-02-14,2006-02-15 09:57:20,1
143,1,LESLIE,GORDON,LESLIE.GORDON@sakilacustomer.org,147,t,2006-02-14,2006-02-15 09:57:20,1
144,1,CLARA,SHAW,CLARA.SHAW@sakilacustomer.org,148,t,2006-02-14,2006-02-15 09:57:20,1
145,1,LUCILLE,HOLMES,LUCILLE.HOLMES@sakilacustomer.org,149,t,2006-02-14,2006-02-15 09:57:20,1
146,1,JAMIE,RICE,JAMIE.RICE@sakilacustomer.org,150,t,2006-02-14,2006-02-15 09:57:20,1
147,2,JOANNE,ROBERTSON,JOANNE.ROBERTSON@sakilacustomer.org,151,t,2006-02-14,2006-02-15 09:57:20,1
148,1,ELEANOR,HUNT,ELEANOR.HUNT@sakilacustomer.org,152,t,2006-02-14,2006-02-15 09:57:20,1
149,1,VALERIE,BLACK,VALERIE.BLACK@sakilacustomer.org,153,t,2006-02-14,2006-02-15 09:57:20,1
150,2,DANIELLE,DANIELS,DANIELLE.DANIELS@sakilacustomer.org,154,t,2006-02-14,2006-02-15 09:57:20,1
151,2,MEGAN,PALMER,MEGAN.PALMER@sakilacustomer.org,155,t,2006-02-14,2006-02-15 09:57:20,1
152,1,ALICIA,MILLS,ALICIA.MILLS@sakilacustomer.org,156,t,2006-02-14,2006-02-15 09:57:20,1
153,2,SUZANNE,NICHOLS,SUZANNE.NICHOLS@sakilacustomer.org,157,t,2006-02-14,2006-02-15 09:57:20,1
154,2,MICHELE,GRANT,MICHELE.GRANT@sakilacustomer.org,158,t,2006-02-14,2006-02-15 09:57:20,1
155,1,GAIL,KNIGHT,GAIL.KNIGHT@sakilacustomer.org,159,t,2006-02-14,2006-02-15 09:57:20,1
156,1,BERTHA,FERGUSON,BERTHA.FERGUSON@sakilacustomer.org,160,t,2006-02-14,2006-02-15 09:57:20,1
157,2,DARLENE,ROSE,DARLENE.ROSE@sakilacustomer.org,161,t,2006-02-14,2006-02-15 09:57:20,1
158,1,VERONICA,STONE,VERONICA.STONE@sakilacustomer.org,162,t,2006-02-14,2006-02-15 09:57:20,1
159,1,JILL,HAWKINS,JILL.HAWKINS@sakilacustomer.org,163,t,2006-02-14,2006-02-15 09:57:20,1
160,2,ERIN,DUNN,ERIN.DUNN@sakilacustomer.org,164,t,2006-02-14,2006-02-15 09:57:20,1
161,1,GERALDINE,PERKINS,GERALDINE.PERKINS@sakilacustomer.org,165,t,2006-02-14,2006-02-15 09:57:20,1
162,2,LAUREN,HUDSON,LAUREN.HUDSON@sakilacustomer.org,166,t,2006-02-14,2006-02-15 09:57:20,1
163,1,CATHY,SPENCER,CATHY.SPENCER@sakilacustomer.org,167,t,2006-02-14,2006-02-15 09:57:20,1
164,2,JOANN,GARDNER,JOANN.GARDNER@sakilacustomer.org,168,t,2006-02-14,2006-02-15 09:57:20,1
165,2,LORRAINE,STEPHENS,LORRAINE.STEPHENS@sakilacustomer.org,169,t,2006-02-14,2006-02-15 09:57:20,1
166,1,LYNN,PAYNE,LYNN.PAYNE@sakilacustomer.org,170,t,2006-02-14,2006-02-15 09:57:20,1
167,2,SALLY,PIERCE,SALLY.PIERCE@sakilacustomer.org,171,t,2006-02-14,2006-02-15 09:57:20,1
168,1,REGINA,BERRY,REGINA.BERRY@sakilacustomer.org,172,t,2006-02-14,2006-02-15 09:57:20,1
169,2,ERICA,MATTHEWS,ERICA.MATTHEWS@sakilacustomer.org,173,t,2006-02-14,2006-02-15 09:57:20,0
170,1,BEATRICE,ARNOLD,BEATRICE.ARNOLD@sakilacustomer.org,174,t,2006-02-14,2006-02-15 09:57:20,1
171,2,DOLORES,WAGNER,DOLORES.WAGNER@sakilacustomer.org,175,t,2006-02-14,2006-02-15 09:57:20,1
172,1,BERNICE,WILLIS,BERNICE.WILLIS@sakilacustomer.org,176,t,2006-02-14,2006-02-15 09:57:20,1
173,1,AUDREY,RAY,AUDREY.RAY@sakilacustomer.org,177,t,2006-02-14,2006-02-15 09:57:20,1
174,2,YVONNE,WATKINS,YVONNE.WATKINS@sakilacustomer.org,178,t,2006-02-14,2006-02-15 09:57:20,1
175,1,ANNETTE,OLSON,ANNETTE.OLSON@sakilacustomer.org,179,t,2006-02-14,2006-02-15 09:57:20,1
176,1,JUNE,CARROLL,JUNE.CARROLL@sakilacustomer.org,180,t,2006-02-14,2006-02-15 09:57:20,1
177,2,SAMANTHA,DUNCAN,SAMANTHA.DUNCAN@sakilacustomer.org,181,t,2006-02-14,2006-02-15 09:57:20,1
178,2,MARION,SNYDER,MARION.SNYDER@sakilacustomer.org,182,t,2006-02-14,2006-02-15 09:57:20,1
179,1,DANA,HART,DANA.HART@sakilacustomer.org,183,t,2006-02-14,2006-02-15 09:57:20,1
180,2,STACY,CUNNINGHAM,STACY.CUNNINGHAM@sakilacustomer.org,184,t,2006-02-14,2006-02-15 09:57:20,1
181,2,ANA,BRADLEY,ANA.BRADLEY@sakilacustomer.org,185,t,2006-02-14,2006-02-15 09:57:20,1
182,1,RENEE,LANE,RENEE.LANE@sakilacustomer.org,186,t,2006-02-14,2006-02-15 09:57:20,1
183,2,IDA,ANDREWS,IDA.ANDREWS@sakilacustomer.org,187,t,2006-02-14,2006-02-15 09:57:20,1
184,1,VIVIAN,RUIZ,VIVIAN.RUIZ@sakilacustomer.org,188,t,2006-02-14,2006-02-15 09:57:20,1
185,1,ROBERTA,HARPER,ROBERTA.HARPER@sakilacustomer.org,189,t,2006-02-14,2006-02-15 09:57:20,1
186,2,HOLLY,FOX,HOLLY.FOX@sakilacustomer.org,190,t,2006-02-14,2006-02-15 09:57:20,1
187,2,BRITTANY,RILEY,BRITTANY.RILEY@sakilacustomer.org,191,t,2006-02-14,2006-02-15 09:57:20,1
188,1,MELANIE,ARMSTRONG,MELANIE.ARMSTRONG@sakilacustomer.org,192,t,2006-02-14,2006-02-15 09:57:20,1
189,1,LORETTA,CARPENTER,LORETTA.CARPENTER@sakilacustomer.org,193,t,2006-02-14,2006-02-15 09:57:20,1
190,2,YOLANDA,WEAVER,YOLANDA.WEAVER@sakilacustomer.org,194,t,2006-02-14,2006-02-15 09:57:20,1
191,1,JEANETTE,GREENE,JEANETTE.GREENE@sakilacustomer.org,195,t,2006-02-14,2006-02-15 09:57:20,1
192,1,LAURIE,LAWRENCE,LAURIE.LAWRENCE@sakilacustomer.org,196,t,2006-02-14,2006-02-15 09:57:20,1
193,2,KATIE,ELLIOTT,KATIE.ELLIOTT@sakilacustomer.org,197,t,2006-02-14,2006-02-15 09:57:20,1
194,2,KRISTEN,CHAVEZ,KRISTEN.CHAVEZ@sakilacustomer.org,198,t,2006-02-14,2006-02-15 09:57:20,1
195,1,VANESSA,SIMS,VANESSA.SIMS@sakilacustomer.org,199,t,2006-02-14,2006-02-15 09:57:20,1
196,1,ALMA,AUSTIN,ALMA.AUSTIN@sakilacustomer.org,200,t,2006-02-14,2006-02-15 09:57:20,1
197,2,SUE,PETERS,SUE.PETERS@sakilacustomer.org,201,t,2006-02-14,2006-02-15 09:57:20,1
198,2,ELSIE,KELLEY,ELSIE.KELLEY@sakilacustomer.org,202,t,2006-02-14,2006-02-15 09:57:20,1
199,2,BETH,FRANKLIN,BETH.FRANKLIN@sakilacustomer.org,203,t,2006-02-14,2006-02-15 09:57:20,1
200,2,JEANNE,LAWSON,JEANNE.LAWSON@sakilacustomer.org,204,t,2006-02-14,2006-02-15 09:57:20,1
201,1,VICKI,FIELDS,VICKI.FIELDS@sakilacustomer.org,205,t,2006-02-14,2006-02-15 09:57:20,1
202,2,CARLA,GUTIERREZ,CARLA.GUTIERREZ@sakilacustomer.org,206,t,2006-02-14,2006-02-15 09:57:20,1
203,1,TARA,RYAN,TARA.RYAN@sakilacustomer.org,207,t,2006-02-14,2006-02-15 09:57:20,1
204,1,ROSEMARY,SCHMIDT,ROSEMARY.SCHMIDT@sakilacustomer.org,208,t,2006-02-14,2006-02-15 09:57:20,1
205,2,EILEEN,CARR,EILEEN.CARR@sakilacustomer.org,209,t,2006-02-14,2006-02-15 09:57:20,1
206,1,TERRI,VASQUEZ,TERRI.VASQUEZ@sakilacustomer.org,210,t,2006-02-14,2006-02-15 09:57:20,1
207,1,GERTRUDE,CASTILLO,GERTRUDE.CASTILLO@sakilacustomer.org,211,t,2006-02-14,2006-02-15 09:57:20,1
208,1,LUCY,WHEELER,LUCY.WHEELER@sakilacustomer.org,212,t,2006-02-14,2006-02-15 09:57:20,1
209,2,TONYA,CHAPMAN,TONYA.CHAPMAN@sakilacustomer.org,213,t,2006-02-14,2006-02-15 09:57:20,1
210,2,ELLA,OLIVER,ELLA.OLIVER@sakilacustomer.org,214,t,2006-02-14,2006-02-15 09:57:20,1
211,1,STACEY,MONTGOMERY,STACEY.MONTGOMERY@sakilacustomer.org,215,t,2006-02-14,2006-02-15 09:57:20,1
212,2,WILMA,RICHARDS,WILMA.RICHARDS@sakilacustomer.org,216,t,2006-02-14,2006-02-15 09:57:20,1
213,1,GINA,WILLIAMSON,GINA.WILLIAMSON@sakilacustomer.org,217,t,2006-02-14,2006-02-15 09:57:20,1
214,1,KRISTIN,JOHNSTON,KRISTIN.JOHNSTON@sakilacustomer.org,218,t,2006-02-14,2006-02-15 09:57:20,1
215,2,JESSIE,BANKS,JESSIE.BANKS@sakilacustomer.org,219,t,2006-02-14,2006-02-15 09:57:20,1
216,1,NATALIE,MEYER,NATALIE.MEYER@sakilacustomer.org,220,t,2006-02-14,2006-02-15 09:57:20,1
217,2,AGNES,BISHOP,AGNES.BISHOP@sakilacustomer.org,221,t,2006-02-14,2006-02-15 09:57:20,1
218,1,VERA,MCCOY,VERA.MCCOY@sakilacustomer.org,222,t,2006-02-14,2006-02-15 09:57:20,1
219,2,WILLIE,HOWELL,WILLIE.HOWELL@sakilacustomer.org,223,t,2006-02-14,2006-02-15 09:57:20,1
220,2,CHARLENE,ALVAREZ,CHARLENE.ALVAREZ@sakilacustomer.org,224,t,2006-02-14,2006-02-15 09:57:20,1
221,1,BESSIE,MORRISON,BESSIE.MORRISON@sakilacustomer.org,225,t,2006-02-14,2006-02-15 09:57:20,1
222,2,DELORES,HANSEN,DELORES.HANSEN@sakilacustomer.org,226,t,2006-02-14,2006-02-15 09:57:20,1
223,1,MELINDA,FERNANDEZ,MELINDA.FERNANDEZ@sakilacustomer.org,227,t,2006-02-14,2006-02-15 09:57:20,1
224,2,PEARL,GARZA,PEARL.GARZA@sakilacustomer.org,228,t,2006-02-14,2006-02-15 09:57:20,1
225,1,ARLENE,HARVEY,ARLENE.HARVEY@sakilacustomer.org,229,t,2006-02-14,2006-02-15 09:57:20,1
226,2,MAUREEN,LITTLE,MAUREEN.LITTLE@sakilacustomer.org,230,t,2006-02-14,2006-02-15 09:57:20,1
227,1,COLLEEN,BURTON,COLLEEN.BURTON@sakilacustomer.org,231,t,2006-02-14,2006-02-15 09:57:20,1
228,2,ALLISON,STANLEY,ALLISON.STANLEY@sakilacustomer.org,232,t,2006-02-14,2006-02-15 09:57:20,1
229,1,TAMARA,NGUYEN,TAMARA.NGUYEN@sakilacustomer.org,233,t,2006-02-14,2006-02-15 09:57:20,1
230,2,JOY,GEORGE,JOY.GEORGE@sakilacustomer.org,234,t,2006-02-14,2006-02-15 09:57:20,1
231,1,GEORGIA,JACOBS,GEORGIA.JACOBS@sakilacustomer.org,235,t,2006-02-14,2006-02-15 09:57:20,1
232,2,CONSTANCE,REID,CONSTANCE.REID@sakilacustomer.org,236,t,2006-02-14,2006-02-15 09:57:20,1
233,2,LILLIE,KIM,LILLIE.KIM@sakilacustomer.org,237,t,2006-02-14,2006-02-15 09:57:20,1
234,1,CLAUDIA,FULLER,CLAUDIA.FULLER@sakilacustomer.org,238,t,2006-02-14,2006-02-15 09:57:20,1
235,1,JACKIE,LYNCH,JACKIE.LYNCH@sakilacustomer.org,239,t,2006-02-14,2006-02-15 09:57:20,1
236,1,MARCIA,DEAN,MARCIA.DEAN@sakilacustomer.org,240,t,2006-02-14,2006-02-15 09:57:20,1
237,1,TANYA,GILBERT,TANYA.GILBERT@sakilacustomer.org,241,t,2006-02-14,2006-02-15 09:57:20,1
238,1,NELLIE,GARRETT,NELLIE.GARRETT@sakilacustomer.org,242,t,2006-02-14,2006-02-15 09:57:20,1
239,2,MINNIE,ROMERO,MINNIE.ROMERO@sakilacustomer.org,243,t,2006-02-14,2006-02-15 09:57:20,1
240,1,MARLENE,WELCH,MARLENE.WELCH@sakilacustomer.org,244,t,2006-02-14,2006-02-15 09:57:20,1
241,2,HEIDI,LARSON,HEIDI.LARSON@sakilacustomer.org,245,t,2006-02-14,2006-02-15 09:57:20,0
242,1,GLENDA,FRAZIER,GLENDA.FRAZIER@sakilacustomer.org,246,t,2006-02-14,2006-02-15 09:57:20,1
243,1,LYDIA,BURKE,LYDIA.BURKE@sakilacustomer.org,247,t,2006-02-14,2006-02-15 09:57:20,1
244,2,VIOLA,HANSON,VIOLA.HANSON@sakilacustomer.org,248,t,2006-02-14,2006-02-15 09:57:20,1
245,1,COURTNEY,DAY,COURTNEY.DAY@sakilacustomer.org,249,t,2006-02-14,2006-02-15 09:57:20,1
246,1,MARIAN,MENDOZA,MARIAN.MENDOZA@sakilacustomer.org,250,t,2006-02-14,2006-02-15 09:57:20,1
247,1,STELLA,MORENO,STELLA.MORENO@sakilacustomer.org,251,t,2006-02-14,2006-02-15 09:57:20,1
248,1,CAROLINE,BOWMAN,CAROLINE.BOWMAN@sakilacustomer.org,252,t,2006-02-14,2006-02-15 09:57:20,1
249,2,DORA,MEDINA,DORA.MEDINA@sakilacustomer.org,253,t,2006-02-14,2006-02-15 09:57:20,1
250,2,JO,FOWLER,JO.FOWLER@sakilacustomer.org,254,t,2006-02-14,2006-02-15 09:57:20,1
251,2,VICKIE,BREWER,VICKIE.BREWER@sakilacustomer.org,255,t,2006-02-14,2006-02-15 09:57:20,1
252,2,MATTIE,HOFFMAN,MATTIE.HOFFMAN@sakilacustomer.org,256,t,2006-02-14,2006-02-15 09:57:20,1
253,1,TERRY,CARLSON,TERRY.CARLSON@sakilacustomer.org,258,t,2006-02-14,2006-02-15 09:57:20,1
254,2,MAXINE,SILVA,MAXINE.SILVA@sakilacustomer.org,259,t,2006-02-14,2006-02-15 09:57:20,1
255,2,IRMA,PEARSON,IRMA.PEARSON@sakilacustomer.org,260,t,2006-02-14,2006-02-15 09:57:20,1
256,2,MABEL,HOLLAND,MABEL.HOLLAND@sakilacustomer.org,261,t,2006-02-14,2006-02-15 09:57:20,1
257,2,MARSHA,DOUGLAS,MARSHA.DOUGLAS@sakilacustomer.org,262,t,2006-02-14,2006-02-15 09:57:20,1
258,1,MYRTLE,FLEMING,MYRTLE.FLEMING@sakilacustomer.org,263,t,2006-02-14,2006-02-15 09:57:20,1
259,2,LENA,JENSEN,LENA.JENSEN@sakilacustomer.org,264,t,2006-02-14,2006-02-15 09:57:20,1
260,1,CHRISTY,VARGAS,CHRISTY.VARGAS@sakilacustomer.org,265,t,2006-02-14,2006-02-15 09:57:20,1
261,1,DEANNA,BYRD,DEANNA.BYRD@sakilacustomer.org,266,t,2006-02-14,2006-02-15 09:57:20,1
262,2,PATSY,DAVIDSON,PATSY.DAVIDSON@sakilacustomer.org,267,t,2006-02-14,2006-02-15 09:57:20,1
263,1,HILDA,HOPKINS,HILDA.HOPKINS@sakilacustomer.org,268,t,2006-02-14,2006-02-15 09:57:20,1
264,1,GWENDOLYN,MAY,GWENDOLYN.MAY@sakilacustomer.org,269,t,2006-02-14,2006-02-15 09:57:20,1
265,2,JENNIE,TERRY,JENNIE.TERRY@sakilacustomer.org,270,t,2006-02-14,2006-02-15 09:57:20,1
266,2,NORA,HERRERA,NORA.HERRERA@sakilacustomer.org,271,t,2006-02-14,2006-02-15 09:57:20,1
267,1,MARGIE,WADE,MARGIE.WADE@sakilacustomer.org,272,t,2006-02-14,2006-02-15 09:57:20,1
268,1,NINA,SOTO,NINA.SOTO@sakilacustomer.org,273,t,2006-02-14,2006-02-15 09:57:20,1
269,1,CASSANDRA,WALTERS,CASSANDRA.WALTERS@sakilacustomer.org,274,t,2006-02-14,2006-02-15 09:57:20,1
270,1,LEAH,CURTIS,LEAH.CURTIS@sakilacustomer.org,275,t,2006-02-14,2006-02-15 09:57:20,1
271,1,PENNY,NEAL,PENNY.NEAL@sakilacustomer.org,276,t,2006-02-14,2006-02-15 09:57:20,0
272,1,KAY,CALDWELL,KAY.CALDWELL@sakilacustomer.org,277,t,2006-02-14,2006-02-15 09:57:20,1
273,2,PRISCILLA,LOWE,PRISCILLA.LOWE@sakilacustomer.org,278,t,2006-02-14,2006-02-15 09:57:20,1
274,1,NAOMI,JENNINGS,NAOMI.JENNINGS@sakilacustomer.org,279,t,2006-02-14,2006-02-15 09:57:20,1
275,2,CAROLE,BARNETT,CAROLE.BARNETT@sakilacustomer.org,280,t,2006-02-14,2006-02-15 09:57:20,1
276,1,BRANDY,GRAVES,BRANDY.GRAVES@sakilacustomer.org,281,t,2006-02-14,2006-02-15 09:57:20,1
277,2,OLGA,JIMENEZ,OLGA.JIMENEZ@sakilacustomer.org,282,t,2006-02-14,2006-02-15 09:57:20,1
278,2,BILLIE,HORTON,BILLIE.HORTON@sakilacustomer.org,283,t,2006-02-14,2006-02-15 09:57:20,1
279,2,DIANNE,SHELTON,DIANNE.SHELTON@sakilacustomer.org,284,t,2006-02-14,2006-02-15 09:57:20,1
280,2,TRACEY,BARRETT,TRACEY.BARRETT@sakilacustomer.org,285,t,2006-02-14,2006-02-15 09:57:20,1
281,2,LEONA,OBRIEN,LEONA.OBRIEN@sakilacustomer.org,286,t,2006-02-14,2006-02-15 09:57:20,1
282,2,JENNY,CASTRO,JENNY.CASTRO@sakilacustomer.org,287,t,2006-02-14,2006-02-15 09:57:20,1
283,1,FELICIA,SUTTON,FELICIA.SUTTON@sakilacustomer.org,288,t,2006-02-14,2006-02-15 09:57:20,1
284,1,SONIA,GREGORY,SONIA.GREGORY@sakilacustomer.org,289,t,2006-02-14,2006-02-15 09:57:20,1
285,1,MIRIAM,MCKINNEY,MIRIAM.MCKINNEY@sakilacustomer.org,290,t,2006-02-14,2006-02-15 09:57:20,1
286,1,VELMA,LUCAS,VELMA.LUCAS@sakilacustomer.org,291,t,2006-02-14,2006-02-15 09:57:20,1
287,2,BECKY,MILES,BECKY.MILES@sakilacustomer.org,292,t,2006-02-14,2006-02-15 09:57:20,1
288,1,BOBBIE,CRAIG,BOBBIE.CRAIG@sakilacustomer.org,293,t,2006-02-14,2006-02-15 09:57:20,1
289,1,VIOLET,RODRIQUEZ,VIOLET.RODRIQUEZ@sakilacustomer.org,294,t,2006-02-14,2006-02-15 09:57:20,1
290,1,KRISTINA,CHAMBERS,KRISTINA.CHAMBERS@sakilacustomer.org,295,t,2006-02-14,2006-02-15 09:57:20,1
291,1,TONI,HOLT,TONI.HOLT@sakilacustomer.org,296,t,2006-02-14,2006-02-15 09:57:20,1
292,2,MISTY,LAMBERT,MISTY.LAMBERT@sakilacustomer.org,297,t,2006-02-14,2006-02-15 09:57:20,1
293,2,MAE,FLETCHER,MAE.FLETCHER@sakilacustomer.org,298,t,2006-02-14,2006-02-15 09:57:20,1
294,2,SHELLY,WATTS,SHELLY.WATTS@sakilacustomer.org,299,t,2006-02-14,2006-02-15 09:57:20,1
295,1,DAISY,BATES,DAISY.BATES@sakilacustomer.org,300,t,2006-02-14,2006-02-15 09:57:20,1
296,2,RAMONA,HALE,RAMONA.HALE@sakilacustomer.org,301,t,2006-02-14,2006-02-15 09:57:20,1
297,1,SHERRI,RHODES,SHERRI.RHODES@sakilacustomer.org,302,t,2006-02-14,2006-02-15 09:57:20,1
298,1,ERIKA,PENA,ERIKA.PENA@sakilacustomer.org,303,t,2006-02-14,2006-02-15 09:57:20,1
299,2,JAMES,GANNON,JAMES.GANNON@sakilacustomer.org,304,t,2006-02-14,2006-02-15 09:57:20,1
300,1,JOHN,FARNSWORTH,JOHN.FARNSWORTH@sakilacustomer.org,305,t,2006-02-14,2006-02-15 09:57:20,1
301,2,ROBERT,BAUGHMAN,ROBERT.BAUGHMAN@sakilacustomer.org,306,t,2006-02-14,2006-02-15 09:57:20,1
302,1,MICHAEL,SILVERMAN,MICHAEL.SILVERMAN@sakilacustomer.org,307,t,2006-02-14,2006-02-15 09:57:20,1
303,2,WILLIAM,SATTERFIELD,WILLIAM.SATTERFIELD@sakilacustomer.org,308,t,2006-02-14,2006-02-15 09:57:20,1
304,2,DAVID,ROYAL,DAVID.ROYAL@sakilacustomer.org,309,t,2006-02-14,2006-02-15 09:57:20,1
305,1,RICHARD,MCCRARY,RICHARD.MCCRARY@sakilacustomer.org,310,t,2006-02-14,2006-02-15 09:57:20,1
306,1,CHARLES,KOWALSKI,CHARLES.KOWALSKI@sakilacustomer.org,311,t,2006-02-14,2006-02-15 09:57:20,1
307,2,JOSEPH,JOY,JOSEPH.JOY@sakilacustomer.org,312,t,2006-02-14,2006-02-15 09:57:20,1
308,1,THOMAS,GRIGSBY,THOMAS.GRIGSBY@sakilacustomer.org,313,t,2006-02-14,2006-02-15 09:57:20,1
309,1,CHRISTOPHER,GRECO,CHRISTOPHER.GRECO@sakilacustomer.org,314,t,2006-02-14,2006-02-15 09:57:20,1
310,2,DANIEL,CABRAL,DANIEL.CABRAL@sakilacustomer.org,315,t,2006-02-14,2006-02-15 09:57:20,1
311,2,PAUL,TROUT,PAUL.TROUT@sakilacustomer.org,316,t,2006-02-14,2006-02-15 09:57:20,1
312,2,MARK,RINEHART,MARK.RINEHART@sakilacustomer.org,317,t,2006-02-14,2006-02-15 09:57:20,1
313,2,DONALD,MAHON,DONALD.MAHON@sakilacustomer.org,318,t,2006-02-14,2006-02-15 09:57:20,1
314,1,GEORGE,LINTON,GEORGE.LINTON@sakilacustomer.org,319,t,2006-02-14,2006-02-15 09:57:20,1
315,2,KENNETH,GOODEN,KENNETH.GOODEN@sakilacustomer.org,320,t,2006-02-14,2006-02-15 09:57:20,0
316,1,STEVEN,CURLEY,STEVEN.CURLEY@sakilacustomer.org,321,t,2006-02-14,2006-02-15 09:57:20,1
317,2,EDWARD,BAUGH,EDWARD.BAUGH@sakilacustomer.org,322,t,2006-02-14,2006-02-15 09:57:20,1
318,1,BRIAN,WYMAN,BRIAN.WYMAN@sakilacustomer.org,323,t,2006-02-14,2006-02-15 09:57:20,1
319,2,RONALD,WEINER,RONALD.WEINER@sakilacustomer.org,324,t,2006-02-14,2006-02-15 09:57:20,1
320,2,ANTHONY,SCHWAB,ANTHONY.SCHWAB@sakilacustomer.org,325,t,2006-02-14,2006-02-15 09:57:20,1
321,1,KEVIN,SCHULER,KEVIN.SCHULER@sakilacustomer.org,326,t,2006-02-14,2006-02-15 09:57:20,1
322,1,JASON,MORRISSEY,JASON.MORRISSEY@sakilacustomer.org,327,t,2006-02-14,2006-02-15 09:57:20,1
323,2,MATTHEW,MAHAN,MATTHEW.MAHAN@sakilacustomer.org,328,t,2006-02-14,2006-02-15 09:57:20,1
324,2,GARY,COY,GARY.COY@sakilacustomer.org,329,t,2006-02-14,2006-02-15 09:57:20,1
325,1,TIMOTHY,BUNN,TIMOTHY.BUNN@sakilacustomer.org,330,t,2006-02-14,2006-02-15 09:57:20,1
326,1,JOSE,ANDREW,JOSE.ANDREW@sakilacustomer.org,331,t,2006-02-14,2006-02-15 09:57:20,1
327,2,LARRY,THRASHER,LARRY.THRASHER@sakilacustomer.org,332,t,2006-02-14,2006-02-15 09:57:20,1
328,2,JEFFREY,SPEAR,JEFFREY.SPEAR@sakilacustomer.org,333,t,2006-02-14,2006-02-15 09:57:20,1
329,2,FRANK,WAGGONER,FRANK.WAGGONER@sakilacustomer.org,334,t,2006-02-14,2006-02-15 09:57:20,1
330,1,SCOTT,SHELLEY,SCOTT.SHELLEY@sakilacustomer.org,335,t,2006-02-14,2006-02-15 09:57:20,1
331,1,ERIC,ROBERT,ERIC.ROBERT@sakilacustomer.org,336,t,2006-02-14,2006-02-15 09:57:20,1
332,1,STEPHEN,QUALLS,STEPHEN.QUALLS@sakilacustomer.org,337,t,2006-02-14,2006-02-15 09:57:20,1
333,2,ANDREW,PURDY,ANDREW.PURDY@sakilacustomer.org,338,t,2006-02-14,2006-02-15 09:57:20,1
334,2,RAYMOND,MCWHORTER,RAYMOND.MCWHORTER@sakilacustomer.org,339,t,2006-02-14,2006-02-15 09:57:20,1
335,1,GREGORY,MAULDIN,GREGORY.MAULDIN@sakilacustomer.org,340,t,2006-02-14,2006-02-15 09:57:20,1
336,1,JOSHUA,MARK,JOSHUA.MARK@sakilacustomer.org,341,t,2006-02-14,2006-02-15 09:57:20,1
337,1,JERRY,JORDON,JERRY.JORDON@sakilacustomer.org,342,t,2006-02-14,2006-02-15 09:57:20,1
338,1,DENNIS,GILMAN,DENNIS.GILMAN@sakilacustomer.org,343,t,2006-02-14,2006-02-15 09:57:20,1
339,2,WALTER,PERRYMAN,WALTER.PERRYMAN@sakilacustomer.org,344,t,2006-02-14,2006-02-15 09:57:20,1
340,1,PATRICK,NEWSOM,PATRICK.NEWSOM@sakilacustomer.org,345,t,2006-02-14,2006-02-15 09:57:20,1
341,1,PETER,MENARD,PETER.MENARD@sakilacustomer.org,346,t,2006-02-14,2006-02-15 09:57:20,1
342,1,HAROLD,MARTINO,HAROLD.MARTINO@sakilacustomer.org,347,t,2006-02-14,2006-02-15 09:57:20,1
343,1,DOUGLAS,GRAF,DOUGLAS.GRAF@sakilacustomer.org,348,t,2006-02-14,2006-02-15 09:57:20,1
344,1,HENRY,BILLINGSLEY,HENRY.BILLINGSLEY@sakilacustomer.org,349,t,2006-02-14,2006-02-15 09:57:20,1
345,1,CARL,ARTIS,CARL.ARTIS@sakilacustomer.org,350,t,2006-02-14,2006-02-15 09:57:20,1
346,1,ARTHUR,SIMPKINS,ARTHUR.SIMPKINS@sakilacustomer.org,351,t,2006-02-14,2006-02-15 09:57:20,1
347,2,RYAN,SALISBURY,RYAN.SALISBURY@sakilacustomer.org,352,t,2006-02-14,2006-02-15 09:57:20,1
348,2,ROGER,QUINTANILLA,ROGER.QUINTANILLA@sakilacustomer.org,353,t,2006-02-14,2006-02-15 09:57:20,1
349,2,JOE,GILLILAND,JOE.GILLILAND@sakilacustomer.org,354,t,2006-02-14,2006-02-15 09:57:20,1
350,1,JUAN,FRALEY,JUAN.FRALEY@sakilacustomer.org,355,t,2006-02-14,2006-02-15 09:57:20,1
351,1,JACK,FOUST,JACK.FOUST@sakilacustomer.org,356,t,2006-02-14,2006-02-15 09:57:20,1
352,1,ALBERT,CROUSE,ALBERT.CROUSE@sakilacustomer.org,357,t,2006-02-14,2006-02-15 09:57:20,1
353,1,JONATHAN,SCARBOROUGH,JONATHAN.SCARBOROUGH@sakilacustomer.org,358,t,2006-02-14,2006-02-15 09:57:20,1
354,2,JUSTIN,NGO,JUSTIN.NGO@sakilacustomer.org,359,t,2006-02-14,2006-02-15 09:57:20,1
355,2,TERRY,GRISSOM,TERRY.GRISSOM@sakilacustomer.org,360,t,2006-02-14,2006-02-15 09:57:20,1
356,2,GERALD,FULTZ,GERALD.FULTZ@sakilacustomer.org,361,t,2006-02-14,2006-02-15 09:57:20,1
357,1,KEITH,RICO,KEITH.RICO@sakilacustomer.org,362,t,2006-02-14,2006-02-15 09:57:20,1
358,2,SAMUEL,MARLOW,SAMUEL.MARLOW@sakilacustomer.org,363,t,2006-02-14,2006-02-15 09:57:20,1
359,2,WILLIE,MARKHAM,WILLIE.MARKHAM@sakilacustomer.org,364,t,2006-02-14,2006-02-15 09:57:20,1
360,2,RALPH,MADRIGAL,RALPH.MADRIGAL@sakilacustomer.org,365,t,2006-02-14,2006-02-15 09:57:20,1
361,2,LAWRENCE,LAWTON,LAWRENCE.LAWTON@sakilacustomer.org,366,t,2006-02-14,2006-02-15 09:57:20,1
362,1,NICHOLAS,BARFIELD,NICHOLAS.BARFIELD@sakilacustomer.org,367,t,2006-02-14,2006-02-15 09:57:20,1
363,2,ROY,WHITING,ROY.WHITING@sakilacustomer.org,368,t,2006-02-14,2006-02-15 09:57:20,1
364,1,BENJAMIN,VARNEY,BENJAMIN.VARNEY@sakilacustomer.org,369,t,2006-02-14,2006-02-15 09:57:20,1
365,2,BRUCE,SCHWARZ,BRUCE.SCHWARZ@sakilacustomer.org,370,t,2006-02-14,2006-02-15 09:57:20,1
366,1,BRANDON,HUEY,BRANDON.HUEY@sakilacustomer.org,371,t,2006-02-14,2006-02-15 09:57:20,1
367,1,ADAM,GOOCH,ADAM.GOOCH@sakilacustomer.org,372,t,2006-02-14,2006-02-15 09:57:20,1
368,1,HARRY,ARCE,HARRY.ARCE@sakilacustomer.org,373,t,2006-02-14,2006-02-15 09:57:20,0
369,2,FRED,WHEAT,FRED.WHEAT@sakilacustomer.org,374,t,2006-02-14,2006-02-15 09:57:20,1
370,2,WAYNE,TRUONG,WAYNE.TRUONG@sakilacustomer.org,375,t,2006-02-14,2006-02-15 09:57:20,1
371,1,BILLY,POULIN,BILLY.POULIN@sakilacustomer.org,376,t,2006-02-14,2006-02-15 09:57:20,1
372,2,STEVE,MACKENZIE,STEVE.MACKENZIE@sakilacustomer.org,377,t,2006-02-14,2006-02-15 09:57:20,1
373,1,LOUIS,LEONE,LOUIS.LEONE@sakilacustomer.org,378,t,2006-02-14,2006-02-15 09:57:20,1
374,2,JEREMY,HURTADO,JEREMY.HURTADO@sakilacustomer.org,379,t,2006-02-14,2006-02-15 09:57:20,1
375,2,AARON,SELBY,AARON.SELBY@sakilacustomer.org,380,t,2006-02-14,2006-02-15 09:57:20,1
376,1,RANDY,GAITHER,RANDY.GAITHER@sakilacustomer.org,381,t,2006-02-14,2006-02-15 09:57:20,1
377,1,HOWARD,FORTNER,HOWARD.FORTNER@sakilacustomer.org,382,t,2006-02-14,2006-02-15 09:57:20,1
378,1,EUGENE,CULPEPPER,EUGENE.CULPEPPER@sakilacustomer.org,383,t,2006-02-14,2006-02-15 09:57:20,1
379,1,CARLOS,COUGHLIN,CARLOS.COUGHLIN@sakilacustomer.org,384,t,2006-02-14,2006-02-15 09:57:20,1
380,1,RUSSELL,BRINSON,RUSSELL.BRINSON@sakilacustomer.org,385,t,2006-02-14,2006-02-15 09:57:20,1
381,2,BOBBY,BOUDREAU,BOBBY.BOUDREAU@sakilacustomer.org,386,t,2006-02-14,2006-02-15 09:57:20,1
382,2,VICTOR,BARKLEY,VICTOR.BARKLEY@sakilacustomer.org,387,t,2006-02-14,2006-02-15 09:57:20,1
383,1,MARTIN,BALES,MARTIN.BALES@sakilacustomer.org,388,t,2006-02-14,2006-02-15 09:57:20,1
384,2,ERNEST,STEPP,ERNEST.STEPP@sakilacustomer.org,389,t,2006-02-14,2006-02-15 09:57:20,1
385,1,PHILLIP,HOLM,PHILLIP.HOLM@sakilacustomer.org,390,t,2006-02-14,2006-02-15 09:57:20,1
386,1,TODD,TAN,TODD.TAN@sakilacustomer.org,391,t,2006-02-14,2006-02-15 09:57:20,1
387,2,JESSE,SCHILLING,JESSE.SCHILLING@sakilacustomer.org,392,t,2006-02-14,2006-02-15 09:57:20,1
388,2,CRAIG,MORRELL,CRAIG.MORRELL@sakilacustomer.org,393,t,2006-02-14,2006-02-15 09:57:20,1
389,1,ALAN,KAHN,ALAN.KAHN@sakilacustomer.org,394,t,2006-02-14,2006-02-15 09:57:20,1
390,1,SHAWN,HEATON,SHAWN.HEATON@sakilacustomer.org,395,t,2006-02-14,2006-02-15 09:57:20,1
391,1,CLARENCE,GAMEZ,CLARENCE.GAMEZ@sakilacustomer.org,396,t,2006-02-14,2006-02-15 09:57:20,1
392,2,SEAN,DOUGLASS,SEAN.DOUGLASS@sakilacustomer.org,397,t,2006-02-14,2006-02-15 09:57:20,1
393,1,PHILIP,CAUSEY,PHILIP.CAUSEY@sakilacustomer.org,398,t,2006-02-14,2006-02-15 09:57:20,1
394,2,CHRIS,BROTHERS,CHRIS.BROTHERS@sakilacustomer.org,399,t,2006-02-14,2006-02-15 09:57:20,1
395,2,JOHNNY,TURPIN,JOHNNY.TURPIN@sakilacustomer.org,400,t,2006-02-14,2006-02-15 09:57:20,1
396,1,EARL,SHANKS,EARL.SHANKS@sakilacustomer.org,401,t,2006-02-14,2006-02-15 09:57:20,1
397,1,JIMMY,SCHRADER,JIMMY.SCHRADER@sakilacustomer.org,402,t,2006-02-14,2006-02-15 09:57:20,1
398,1,ANTONIO,MEEK,ANTONIO.MEEK@sakilacustomer.org,403,t,2006-02-14,2006-02-15 09:57:20,1
399,1,DANNY,ISOM,DANNY.ISOM@sakilacustomer.org,404,t,2006-02-14,2006-02-15 09:57:20,1
400,2,BRYAN,HARDISON,BRYAN.HARDISON@sakilacustomer.org,405,t,2006-02-14,2006-02-15 09:57:20,1
401,2,TONY,CARRANZA,TONY.CARRANZA@sakilacustomer.org,406,t,2006-02-14,2006-02-15 09:57:20,1
402,1,LUIS,YANEZ,LUIS.YANEZ@sakilacustomer.org,407,t,2006-02-14,2006-02-15 09:57:20,1
403,1,MIKE,WAY,MIKE.WAY@sakilacustomer.org,408,t,2006-02-14,2006-02-15 09:57:20,1
404,2,STANLEY,SCROGGINS,STANLEY.SCROGGINS@sakilacustomer.org,409,t,2006-02-14,2006-02-15 09:57:20,1
405,1,LEONARD,SCHOFIELD,LEONARD.SCHOFIELD@sakilacustomer.org,410,t,2006-02-14,2006-02-15 09:57:20,1
406,1,NATHAN,RUNYON,NATHAN.RUNYON@sakilacustomer.org,411,t,2006-02-14,2006-02-15 09:57:20,0
407,1,DALE,RATCLIFF,DALE.RATCLIFF@sakilacustomer.org,412,t,2006-02-14,2006-02-15 09:57:20,1
408,1,MANUEL,MURRELL,MANUEL.MURRELL@sakilacustomer.org,413,t,2006-02-14,2006-02-15 09:57:20,1
409,2,RODNEY,MOELLER,RODNEY.MOELLER@sakilacustomer.org,414,t,2006-02-14,2006-02-15 09:57:20,1
410,2,CURTIS,IRBY,CURTIS.IRBY@sakilacustomer.org,415,t,2006-02-14,2006-02-15 09:57:20,1
411,1,NORMAN,CURRIER,NORMAN.CURRIER@sakilacustomer.org,416,t,2006-02-14,2006-02-15 09:57:20,1
412,2,ALLEN,BUTTERFIELD,ALLEN.BUTTERFIELD@sakilacustomer.org,417,t,2006-02-14,2006-02-15 09:57:20,1
413,2,MARVIN,YEE,MARVIN.YEE@sakilacustomer.org,418,t,2006-02-14,2006-02-15 09:57:20,1
414,1,VINCENT,RALSTON,VINCENT.RALSTON@sakilacustomer.org,419,t,2006-02-14,2006-02-15 09:57:20,1
415,1,GLENN,PULLEN,GLENN.PULLEN@sakilacustomer.org,420,t,2006-02-14,2006-02-15 09:57:20,1
416,2,JEFFERY,PINSON,JEFFERY.PINSON@sakilacustomer.org,421,t,2006-02-14,2006-02-15 09:57:20,1
417,1,TRAVIS,ESTEP,TRAVIS.ESTEP@sakilacustomer.org,422,t,2006-02-14,2006-02-15 09:57:20,1
418,2,JEFF,EAST,JEFF.EAST@sakilacustomer.org,423,t,2006-02-14,2006-02-15 09:57:20,1
419,1,CHAD,CARBONE,CHAD.CARBONE@sakilacustomer.org,424,t,2006-02-14,2006-02-15 09:57:20,1
420,1,JACOB,LANCE,JACOB.LANCE@sakilacustomer.org,425,t,2006-02-14,2006-02-15 09:57:20,1
421,1,LEE,HAWKS,LEE.HAWKS@sakilacustomer.org,426,t,2006-02-14,2006-02-15 09:57:20,1
422,1,MELVIN,ELLINGTON,MELVIN.ELLINGTON@sakilacustomer.org,427,t,2006-02-14,2006-02-15 09:57:20,1
423,2,ALFRED,CASILLAS,ALFRED.CASILLAS@sakilacustomer.org,428,t,2006-02-14,2006-02-15 09:57:20,1
424,2,KYLE,SPURLOCK,KYLE.SPURLOCK@sakilacustomer.org,429,t,2006-02-14,2006-02-15 09:57:20,1
425,2,FRANCIS,SIKES,FRANCIS.SIKES@sakilacustomer.org,430,t,2006-02-14,2006-02-15 09:57:20,1
426,1,BRADLEY,MOTLEY,BRADLEY.MOTLEY@sakilacustomer.org,431,t,2006-02-14,2006-02-15 09:57:20,1
427,2,JESUS,MCCARTNEY,JESUS.MCCARTNEY@sakilacustomer.org,432,t,2006-02-14,2006-02-15 09:57:20,1
428,2,HERBERT,KRUGER,HERBERT.KRUGER@sakilacustomer.org,433,t,2006-02-14,2006-02-15 09:57:20,1
429,2,FREDERICK,ISBELL,FREDERICK.ISBELL@sakilacustomer.org,434,t,2006-02-14,2006-02-15 09:57:20,1
430,1,RAY,HOULE,RAY.HOULE@sakilacustomer.org,435,t,2006-02-14,2006-02-15 09:57:20,1
431,2,JOEL,FRANCISCO,JOEL.FRANCISCO@sakilacustomer.org,436,t,2006-02-14,2006-02-15 09:57:20,1
432,1,EDWIN,BURK,EDWIN.BURK@sakilacustomer.org,437,t,2006-02-14,2006-02-15 09:57:20,1
433,1,DON,BONE,DON.BONE@sakilacustomer.org,438,t,2006-02-14,2006-02-15 09:57:20,1
434,1,EDDIE,TOMLIN,EDDIE.TOMLIN@sakilacustomer.org,439,t,2006-02-14,2006-02-15 09:57:20,1
435,2,RICKY,SHELBY,RICKY.SHELBY@sakilacustomer.org,440,t,2006-02-14,2006-02-15 09:57:20,1
436,1,TROY,QUIGLEY,TROY.QUIGLEY@sakilacustomer.org,441,t,2006-02-14,2006-02-15 09:57:20,1
437,2,RANDALL,NEUMANN,RANDALL.NEUMANN@sakilacustomer.org,442,t,2006-02-14,2006-02-15 09:57:20,1
438,1,BARRY,LOVELACE,BARRY.LOVELACE@sakilacustomer.org,443,t,2006-02-14,2006-02-15 09:57:20,1
439,2,ALEXANDER,FENNELL,ALEXANDER.FENNELL@sakilacustomer.org,444,t,2006-02-14,2006-02-15 09:57:20,1
440,1,BERNARD,COLBY,BERNARD.COLBY@sakilacustomer.org,445,t,2006-02-14,2006-02-15 09:57:20,1
441,1,MARIO,CHEATHAM,MARIO.CHEATHAM@sakilacustomer.org,446,t,2006-02-14,2006-02-15 09:57:20,1
442,1,LEROY,BUSTAMANTE,LEROY.BUSTAMANTE@sakilacustomer.org,447,t,2006-02-14,2006-02-15 09:57:20,1
443,2,FRANCISCO,SKIDMORE,FRANCISCO.SKIDMORE@sakilacustomer.org,448,t,2006-02-14,2006-02-15 09:57:20,1
444,2,MARCUS,HIDALGO,MARCUS.HIDALGO@sakilacustomer.org,449,t,2006-02-14,2006-02-15 09:57:20,1
445,1,MICHEAL,FORMAN,MICHEAL.FORMAN@sakilacustomer.org,450,t,2006-02-14,2006-02-15 09:57:20,1
446,2,THEODORE,CULP,THEODORE.CULP@sakilacustomer.org,451,t,2006-02-14,2006-02-15 09:57:20,0
447,1,CLIFFORD,BOWENS,CLIFFORD.BOWENS@sakilacustomer.org,452,t,2006-02-14,2006-02-15 09:57:20,1
448,1,MIGUEL,BETANCOURT,MIGUEL.BETANCOURT@sakilacustomer.org,453,t,2006-02-14,2006-02-15 09:57:20,1
449,2,OSCAR,AQUINO,OSCAR.AQUINO@sakilacustomer.org,454,t,2006-02-14,2006-02-15 09:57:20,1
450,1,JAY,ROBB,JAY.ROBB@sakilacustomer.org,455,t,2006-02-14,2006-02-15 09:57:20,1
451,1,JIM,REA,JIM.REA@sakilacustomer.org,456,t,2006-02-14,2006-02-15 09:57:20,1
452,1,TOM,MILNER,TOM.MILNER@sakilacustomer.org,457,t,2006-02-14,2006-02-15 09:57:20,1
453,1,CALVIN,MARTEL,CALVIN.MARTEL@sakilacustomer.org,458,t,2006-02-14,2006-02-15 09:57:20,1
454,2,ALEX,GRESHAM,ALEX.GRESHAM@sakilacustomer.org,459,t,2006-02-14,2006-02-15 09:57:20,1
455,2,JON,WILES,JON.WILES@sakilacustomer.org,460,t,2006-02-14,2006-02-15 09:57:20,1
456,2,RONNIE,RICKETTS,RONNIE.RICKETTS@sakilacustomer.org,461,t,2006-02-14,2006-02-15 09:57:20,1
457,2,BILL,GAVIN,BILL.GAVIN@sakilacustomer.org,462,t,2006-02-14,2006-02-15 09:57:20,1
458,1,LLOYD,DOWD,LLOYD.DOWD@sakilacustomer.org,463,t,2006-02-14,2006-02-15 09:57:20,1
459,1,TOMMY,COLLAZO,TOMMY.COLLAZO@sakilacustomer.org,464,t,2006-02-14,2006-02-15 09:57:20,1
460,1,LEON,BOSTIC,LEON.BOSTIC@sakilacustomer.org,465,t,2006-02-14,2006-02-15 09:57:20,1
461,1,DEREK,BLAKELY,DEREK.BLAKELY@sakilacustomer.org,466,t,2006-02-14,2006-02-15 09:57:20,1
462,2,WARREN,SHERROD,WARREN.SHERROD@sakilacustomer.org,467,t,2006-02-14,2006-02-15 09:57:20,1
463,2,DARRELL,POWER,DARRELL.POWER@sakilacustomer.org,468,t,2006-02-14,2006-02-15 09:57:20,1
464,1,JEROME,KENYON,JEROME.KENYON@sakilacustomer.org,469,t,2006-02-14,2006-02-15 09:57:20,1
465,1,FLOYD,GANDY,FLOYD.GANDY@sakilacustomer.org,470,t,2006-02-14,2006-02-15 09:57:20,1
466,1,LEO,EBERT,LEO.EBERT@sakilacustomer.org,471,t,2006-02-14,2006-02-15 09:57:20,1
467,2,ALVIN,DELOACH,ALVIN.DELOACH@sakilacustomer.org,472,t,2006-02-14,2006-02-15 09:57:20,1
468,1,TIM,CARY,TIM.CARY@sakilacustomer.org,473,t,2006-02-14,2006-02-15 09:57:20,1
469,2,WESLEY,BULL,WESLEY.BULL@sakilacustomer.org,474,t,2006-02-14,2006-02-15 09:57:20,1
470,1,GORDON,ALLARD,GORDON.ALLARD@sakilacustomer.org,475,t,2006-02-14,2006-02-15 09:57:20,1
471,1,DEAN,SAUER,DEAN.SAUER@sakilacustomer.org,476,t,2006-02-14,2006-02-15 09:57:20,1
472,1,GREG,ROBINS,GREG.ROBINS@sakilacustomer.org,477,t,2006-02-14,2006-02-15 09:57:20,1
473,2,JORGE,OLIVARES,JORGE.OLIVARES@sakilacustomer.org,478,t,2006-02-14,2006-02-15 09:57:20,1
474,2,DUSTIN,GILLETTE,DUSTIN.GILLETTE@sakilacustomer.org,479,t,2006-02-14,2006-02-15 09:57:20,1
475,2,PEDRO,CHESTNUT,PEDRO.CHESTNUT@sakilacustomer.org,480,t,2006-02-14,2006-02-15 09:57:20,1
476,1,DERRICK,BOURQUE,DERRICK.BOURQUE@sakilacustomer.org,481,t,2006-02-14,2006-02-15 09:57:20,1
477,1,DAN,PAINE,DAN.PAINE@sakilacustomer.org,482,t,2006-02-14,2006-02-15 09:57:20,1
478,1,LEWIS,LYMAN,LEWIS.LYMAN@sakilacustomer.org,483,t,2006-02-14,2006-02-15 09:57:20,1
479,1,ZACHARY,HITE,ZACHARY.HITE@sakilacustomer.org,484,t,2006-02-14,2006-02-15 09:57:20,1
480,1,COREY,HAUSER,COREY.HAUSER@sakilacustomer.org,485,t,2006-02-14,2006-02-15 09:57:20,1
481,1,HERMAN,DEVORE,HERMAN.DEVORE@sakilacustomer.org,486,t,2006-02-14,2006-02-15 09:57:20,1
482,1,MAURICE,CRAWLEY,MAURICE.CRAWLEY@sakilacustomer.org,487,t,2006-02-14,2006-02-15 09:57:20,0
483,2,VERNON,CHAPA,VERNON.CHAPA@sakilacustomer.org,488,t,2006-02-14,2006-02-15 09:57:20,1
484,1,ROBERTO,VU,ROBERTO.VU@sakilacustomer.org,489,t,2006-02-14,2006-02-15 09:57:20,1
485,1,CLYDE,TOBIAS,CLYDE.TOBIAS@sakilacustomer.org,490,t,2006-02-14,2006-02-15 09:57:20,1
486,1,GLEN,TALBERT,GLEN.TALBERT@sakilacustomer.org,491,t,2006-02-14,2006-02-15 09:57:20,1
487,2,HECTOR,POINDEXTER,HECTOR.POINDEXTER@sakilacustomer.org,492,t,2006-02-14,2006-02-15 09:57:20,1
488,2,SHANE,MILLARD,SHANE.MILLARD@sakilacustomer.org,493,t,2006-02-14,2006-02-15 09:57:20,1
489,1,RICARDO,MEADOR,RICARDO.MEADOR@sakilacustomer.org,494,t,2006-02-14,2006-02-15 09:57:20,1
490,1,SAM,MCDUFFIE,SAM.MCDUFFIE@sakilacustomer.org,495,t,2006-02-14,2006-02-15 09:57:20,1
491,2,RICK,MATTOX,RICK.MATTOX@sakilacustomer.org,496,t,2006-02-14,2006-02-15 09:57:20,1
492,2,LESTER,KRAUS,LESTER.KRAUS@sakilacustomer.org,497,t,2006-02-14,2006-02-15 09:57:20,1
493,1,BRENT,HARKINS,BRENT.HARKINS@sakilacustomer.org,498,t,2006-02-14,2006-02-15 09:57:20,1
494,2,RAMON,CHOATE,RAMON.CHOATE@sakilacustomer.org,499,t,2006-02-14,2006-02-15 09:57:20,1
495,2,CHARLIE,BESS,CHARLIE.BESS@sakilacustomer.org,500,t,2006-02-14,2006-02-15 09:57:20,1
496,2,TYLER,WREN,TYLER.WREN@sakilacustomer.org,501,t,2006-02-14,2006-02-15 09:57:20,1
497,2,GILBERT,SLEDGE,GILBERT.SLEDGE@sakilacustomer.org,502,t,2006-02-14,2006-02-15 09:57:20,1
498,1,GENE,SANBORN,GENE.SANBORN@sakilacustomer.org,503,t,2006-02-14,2006-02-15 09:57:20,1
499,2,MARC,OUTLAW,MARC.OUTLAW@sakilacustomer.org,504,t,2006-02-14,2006-02-15 09:57:20,1
500,1,REGINALD,KINDER,REGINALD.KINDER@sakilacustomer.org,505,t,2006-02-14,2006-02-15 09:57:20,1
501,1,RUBEN,GEARY,RUBEN.GEARY@sakilacustomer.org,506,t,2006-02-14,2006-02-15 09:57:20,1
502,1,BRETT,CORNWELL,BRETT.CORNWELL@sakilacustomer.org,507,t,2006-02-14,2006-02-15 09:57:20,1
503,1,ANGEL,BARCLAY,ANGEL.BARCLAY@sakilacustomer.org,508,t,2006-02-14,2006-02-15 09:57:20,1
504,1,NATHANIEL,ADAM,NATHANIEL.ADAM@sakilacustomer.org,509,t,2006-02-14,2006-02-15 09:57:20,1
505,1,RAFAEL,ABNEY,RAFAEL.ABNEY@sakilacustomer.org,510,t,2006-02-14,2006-02-15 09:57:20,1
506,2,LESLIE,SEWARD,LESLIE.SEWARD@sakilacustomer.org,511,t,2006-02-14,2006-02-15 09:57:20,1
507,2,EDGAR,RHOADS,EDGAR.RHOADS@sakilacustomer.org,512,t,2006-02-14,2006-02-15 09:57:20,1
508,2,MILTON,HOWLAND,MILTON.HOWLAND@sakilacustomer.org,513,t,2006-02-14,2006-02-15 09:57:20,1
509,1,RAUL,FORTIER,RAUL.FORTIER@sakilacustomer.org,514,t,2006-02-14,2006-02-15 09:57:20,1
510,2,BEN,EASTER,BEN.EASTER@sakilacustomer.org,515,t,2006-02-14,2006-02-15 09:57:20,0
511,1,CHESTER,BENNER,CHESTER.BENNER@sakilacustomer.org,516,t,2006-02-14,2006-02-15 09:57:20,1
512,1,CECIL,VINES,CECIL.VINES@sakilacustomer.org,517,t,2006-02-14,2006-02-15 09:57:20,1
513,2,DUANE,TUBBS,DUANE.TUBBS@sakilacustomer.org,519,t,2006-02-14,2006-02-15 09:57:20,1
514,2,FRANKLIN,TROUTMAN,FRANKLIN.TROUTMAN@sakilacustomer.org,520,t,2006-02-14,2006-02-15 09:57:20,1
515,1,ANDRE,RAPP,ANDRE.RAPP@sakilacustomer.org,521,t,2006-02-14,2006-02-15 09:57:20,1
516,2,ELMER,NOE,ELMER.NOE@sakilacustomer.org,522,t,2006-02-14,2006-02-15 09:57:20,1
517,2,BRAD,MCCURDY,BRAD.MCCURDY@sakilacustomer.org,523,t,2006-02-14,2006-02-15 09:57:20,1
518,1,GABRIEL,HARDER,GABRIEL.HARDER@sakilacustomer.org,524,t,2006-02-14,2006-02-15 09:57:20,1
519,2,RON,DELUCA,RON.DELUCA@sakilacustomer.org,525,t,2006-02-14,2006-02-15 09:57:20,1
520,2,MITCHELL,WESTMORELAND,MITCHELL.WESTMORELAND@sakilacustomer.org,526,t,2006-02-14,2006-02-15 09:57:20,1
521,2,ROLAND,SOUTH,ROLAND.SOUTH@sakilacustomer.org,527,t,2006-02-14,2006-02-15 09:57:20,1
522,2,ARNOLD,HAVENS,ARNOLD.HAVENS@sakilacustomer.org,528,t,2006-02-14,2006-02-15 09:57:20,1
523,1,HARVEY,GUAJARDO,HARVEY.GUAJARDO@sakilacustomer.org,529,t,2006-02-14,2006-02-15 09:57:20,1
524,1,JARED,ELY,JARED.ELY@sakilacustomer.org,530,t,2006-02-14,2006-02-15 09:57:20,1
525,2,ADRIAN,CLARY,ADRIAN.CLARY@sakilacustomer.org,531,t,2006-02-14,2006-02-15 09:57:20,1
526,2,KARL,SEAL,KARL.SEAL@sakilacustomer.org,532,t,2006-02-14,2006-02-15 09:57:20,1
527,1,CORY,MEEHAN,CORY.MEEHAN@sakilacustomer.org,533,t,2006-02-14,2006-02-15 09:57:20,1
528,1,CLAUDE,HERZOG,CLAUDE.HERZOG@sakilacustomer.org,534,t,2006-02-14,2006-02-15 09:57:20,1
529,2,ERIK,GUILLEN,ERIK.GUILLEN@sakilacustomer.org,535,t,2006-02-14,2006-02-15 09:57:20,1
530,2,DARRYL,ASHCRAFT,DARRYL.ASHCRAFT@sakilacustomer.org,536,t,2006-02-14,2006-02-15 09:57:20,1
531,2,JAMIE,WAUGH,JAMIE.WAUGH@sakilacustomer.org,537,t,2006-02-14,2006-02-15 09:57:20,1
532,2,NEIL,RENNER,NEIL.RENNER@sakilacustomer.org,538,t,2006-02-14,2006-02-15 09:57:20,1
533,1,JESSIE,MILAM,JESSIE.MILAM@sakilacustomer.org,539,t,2006-02-14,2006-02-15 09:57:20,1
534,1,CHRISTIAN,JUNG,CHRISTIAN.JUNG@sakilacustomer.org,540,t,2006-02-14,2006-02-15 09:57:20,0
535,1,JAVIER,ELROD,JAVIER.ELROD@sakilacustomer.org,541,t,2006-02-14,2006-02-15 09:57:20,1
536,2,FERNANDO,CHURCHILL,FERNANDO.CHURCHILL@sakilacustomer.org,542,t,2006-02-14,2006-02-15 09:57:20,1
537,2,CLINTON,BUFORD,CLINTON.BUFORD@sakilacustomer.org,543,t,2006-02-14,2006-02-15 09:57:20,1
538,2,TED,BREAUX,TED.BREAUX@sakilacustomer.org,544,t,2006-02-14,2006-02-15 09:57:20,1
539,1,MATHEW,BOLIN,MATHEW.BOLIN@sakilacustomer.org,545,t,2006-02-14,2006-02-15 09:57:20,1
540,1,TYRONE,ASHER,TYRONE.ASHER@sakilacustomer.org,546,t,2006-02-14,2006-02-15 09:57:20,1
541,2,DARREN,WINDHAM,DARREN.WINDHAM@sakilacustomer.org,547,t,2006-02-14,2006-02-15 09:57:20,1
542,2,LONNIE,TIRADO,LONNIE.TIRADO@sakilacustomer.org,548,t,2006-02-14,2006-02-15 09:57:20,1
543,1,LANCE,PEMBERTON,LANCE.PEMBERTON@sakilacustomer.org,549,t,2006-02-14,2006-02-15 09:57:20,1
544,2,CODY,NOLEN,CODY.NOLEN@sakilacustomer.org,550,t,2006-02-14,2006-02-15 09:57:20,1
545,2,JULIO,NOLAND,JULIO.NOLAND@sakilacustomer.org,551,t,2006-02-14,2006-02-15 09:57:20,1
546,1,KELLY,KNOTT,KELLY.KNOTT@sakilacustomer.org,552,t,2006-02-14,2006-02-15 09:57:20,1
547,1,KURT,EMMONS,KURT.EMMONS@sakilacustomer.org,553,t,2006-02-14,2006-02-15 09:57:20,1
548,1,ALLAN,CORNISH,ALLAN.CORNISH@sakilacustomer.org,554,t,2006-02-14,2006-02-15 09:57:20,1
549,1,NELSON,CHRISTENSON,NELSON.CHRISTENSON@sakilacustomer.org,555,t,2006-02-14,2006-02-15 09:57:20,1
550,2,GUY,BROWNLEE,GUY.BROWNLEE@sakilacustomer.org,556,t,2006-02-14,2006-02-15 09:57:20,1
551,2,CLAYTON,BARBEE,CLAYTON.BARBEE@sakilacustomer.org,557,t,2006-02-14,2006-02-15 09:57:20,1
552,2,HUGH,WALDROP,HUGH.WALDROP@sakilacustomer.org,558,t,2006-02-14,2006-02-15 09:57:20,1
553,1,MAX,PITT,MAX.PITT@sakilacustomer.org,559,t,2006-02-14,2006-02-15 09:57:20,1
554,1,DWAYNE,OLVERA,DWAYNE.OLVERA@sakilacustomer.org,560,t,2006-02-14,2006-02-15 09:57:20,1
555,1,DWIGHT,LOMBARDI,DWIGHT.LOMBARDI@sakilacustomer.org,561,t,2006-02-14,2006-02-15 09:57:20,1
556,2,ARMANDO,GRUBER,ARMANDO.GRUBER@sakilacustomer.org,562,t,2006-02-14,2006-02-15 09:57:20,1
557,1,FELIX,GAFFNEY,FELIX.GAFFNEY@sakilacustomer.org,563,t,2006-02-14,2006-02-15 09:57:20,1
558,1,JIMMIE,EGGLESTON,JIMMIE.EGGLESTON@sakilacustomer.org,564,t,2006-02-14,2006-02-15 09:57:20,0
559,2,EVERETT,BANDA,EVERETT.BANDA@sakilacustomer.org,565,t,2006-02-14,2006-02-15 09:57:20,1
560,1,JORDAN,ARCHULETA,JORDAN.ARCHULETA@sakilacustomer.org,566,t,2006-02-14,2006-02-15 09:57:20,1
561,2,IAN,STILL,IAN.STILL@sakilacustomer.org,567,t,2006-02-14,2006-02-15 09:57:20,1
562,1,WALLACE,SLONE,WALLACE.SLONE@sakilacustomer.org,568,t,2006-02-14,2006-02-15 09:57:20,1
563,2,KEN,PREWITT,KEN.PREWITT@sakilacustomer.org,569,t,2006-02-14,2006-02-15 09:57:20,1
564,2,BOB,PFEIFFER,BOB.PFEIFFER@sakilacustomer.org,570,t,2006-02-14,2006-02-15 09:57:20,1
565,2,JAIME,NETTLES,JAIME.NETTLES@sakilacustomer.org,571,t,2006-02-14,2006-02-15 09:57:20,1
566,1,CASEY,MENA,CASEY.MENA@sakilacustomer.org,572,t,2006-02-14,2006-02-15 09:57:20,1
567,2,ALFREDO,MCADAMS,ALFREDO.MCADAMS@sakilacustomer.org,573,t,2006-02-14,2006-02-15 09:57:20,1
568,2,ALBERTO,HENNING,ALBERTO.HENNING@sakilacustomer.org,574,t,2006-02-14,2006-02-15 09:57:20,1
569,2,DAVE,GARDINER,DAVE.GARDINER@sakilacustomer.org,575,t,2006-02-14,2006-02-15 09:57:20,1
570,2,IVAN,CROMWELL,IVAN.CROMWELL@sakilacustomer.org,576,t,2006-02-14,2006-02-15 09:57:20,1
571,2,JOHNNIE,CHISHOLM,JOHNNIE.CHISHOLM@sakilacustomer.org,577,t,2006-02-14,2006-02-15 09:57:20,1
572,1,SIDNEY,BURLESON,SIDNEY.BURLESON@sakilacustomer.org,578,t,2006-02-14,2006-02-15 09:57:20,1
573,1,BYRON,BOX,BYRON.BOX@sakilacustomer.org,579,t,2006-02-14,2006-02-15 09:57:20,1
574,2,JULIAN,VEST,JULIAN.VEST@sakilacustomer.org,580,t,2006-02-14,2006-02-15 09:57:20,1
575,2,ISAAC,OGLESBY,ISAAC.OGLESBY@sakilacustomer.org,581,t,2006-02-14,2006-02-15 09:57:20,1
576,2,MORRIS,MCCARTER,MORRIS.MCCARTER@sakilacustomer.org,582,t,2006-02-14,2006-02-15 09:57:20,1
577,2,CLIFTON,MALCOLM,CLIFTON.MALCOLM@sakilacustomer.org,583,t,2006-02-14,2006-02-15 09:57:20,1
578,2,WILLARD,LUMPKIN,WILLARD.LUMPKIN@sakilacustomer.org,584,t,2006-02-14,2006-02-15 09:57:20,1
579,2,DARYL,LARUE,DARYL.LARUE@sakilacustomer.org,585,t,2006-02-14,2006-02-15 09:57:20,1
580,1,ROSS,GREY,ROSS.GREY@sakilacustomer.org,586,t,2006-02-14,2006-02-15 09:57:20,1
581,1,VIRGIL,WOFFORD,VIRGIL.WOFFORD@sakilacustomer.org,587,t,2006-02-14,2006-02-15 09:57:20,1
582,2,ANDY,VANHORN,ANDY.VANHORN@sakilacustomer.org,588,t,2006-02-14,2006-02-15 09:57:20,1
583,1,MARSHALL,THORN,MARSHALL.THORN@sakilacustomer.org,589,t,2006-02-14,2006-02-15 09:57:20,1
584,2,SALVADOR,TEEL,SALVADOR.TEEL@sakilacustomer.org,590,t,2006-02-14,2006-02-15 09:57:20,1
585,1,PERRY,SWAFFORD,PERRY.SWAFFORD@sakilacustomer.org,591,t,2006-02-14,2006-02-15 09:57:20,1
586,1,KIRK,STCLAIR,KIRK.STCLAIR@sakilacustomer.org,592,t,2006-02-14,2006-02-15 09:57:20,1
587,1,SERGIO,STANFIELD,SERGIO.STANFIELD@sakilacustomer.org,593,t,2006-02-14,2006-02-15 09:57:20,1
588,1,MARION,OCAMPO,MARION.OCAMPO@sakilacustomer.org,594,t,2006-02-14,2006-02-15 09:57:20,1
589,1,TRACY,HERRMANN,TRACY.HERRMANN@sakilacustomer.org,595,t,2006-02-14,2006-02-15 09:57:20,1
590,2,SETH,HANNON,SETH.HANNON@sakilacustomer.org,596,t,2006-02-14,2006-02-15 09:57:20,1
591,1,KENT,ARSENAULT,KENT.ARSENAULT@sakilacustomer.org,597,t,2006-02-14,2006-02-15 09:57:20,1
592,1,TERRANCE,ROUSH,TERRANCE.ROUSH@sakilacustomer.org,598,t,2006-02-14,2006-02-15 09:57:20,0
593,2,RENE,MCALISTER,RENE.MCALISTER@sakilacustomer.org,599,t,2006-02-14,2006-02-15 09:57:20,1
594,1,EDUARDO,HIATT,EDUARDO.HIATT@sakilacustomer.org,600,t,2006-02-14,2006-02-15 09:57:20,1
595,1,TERRENCE,GUNDERSON,TERRENCE.GUNDERSON@sakilacustomer.org,601,t,2006-02-14,2006-02-15 09:57:20,1
596,1,ENRIQUE,FORSYTHE,ENRIQUE.FORSYTHE@sakilacustomer.org,602,t,2006-02-14,2006-02-15 09:57:20,1
597,1,FREDDIE,DUGGAN,FREDDIE.DUGGAN@sakilacustomer.org,603,t,2006-02-14,2006-02-15 09:57:20,1
598,1,WADE,DELVALLE,WADE.DELVALLE@sakilacustomer.org,604,t,2006-02-14,2006-02-15 09:57:20,1
599,2,AUSTIN,CINTRON,AUSTIN.CINTRON@sakilacustomer.org,605,t,2006-02-14,2006-02-15 09:57:20,1
